<?xml version="1.0" encoding="utf-8"?>
<inset xmlns:android="http://schemas.android.com/apk/res/android" android:insetLeft="@dimen/MT_Bin" android:insetRight="@dimen/MT_Bin" android:insetTop="@dimen/MT_Bin" android:insetBottom="@dimen/MT_Bin">
    <selector>
        <item android:state_checked="false" android:state_pressed="false">
            <layer-list>
                <item android:drawable="@drawable/MT_Bin"/>
                <item android:drawable="@drawable/MT_Bin"/>
            </layer-list>
        </item>
        <item>
            <layer-list>
                <item android:drawable="@drawable/MT_Bin"/>
                <item android:drawable="@drawable/MT_Bin"/>
            </layer-list>
        </item>
    </selector>
</inset>
