<?xml version="1.0" encoding="utf-8"?>
<inset xmlns:android="http://schemas.android.com/apk/res/android" android:insetLeft="@dimen/MT_Bin" android:insetRight="@dimen/MT_Bin" android:insetTop="@dimen/MT_Bin" android:insetBottom="@dimen/MT_Bin">
    <ripple android:color="?android:attr/colorControlHighlight">
        <item>
            <selector>
                <item android:state_enabled="false">
                    <shape android:shape="rectangle">
                        <corners android:radius="@dimen/MT_Bin"/>
                        <solid android:color="?android:attr/colorButtonNormal"/>
                        <padding android:left="@dimen/MT_Bin" android:top="@dimen/MT_Bin" android:right="@dimen/MT_Bin" android:bottom="@dimen/MT_Bin"/>
                    </shape>
                </item>
                <item>
                    <shape android:shape="rectangle">
                        <corners android:radius="@dimen/MT_Bin"/>
                        <solid android:color="?android:attr/colorAccent"/>
                        <padding android:left="@dimen/MT_Bin" android:top="@dimen/MT_Bin" android:right="@dimen/MT_Bin" android:bottom="@dimen/MT_Bin"/>
                    </shape>
                </item>
            </selector>
        </item>
    </ripple>
</inset>
